{"count":1,"self":4.0815828,"total":4.3514076,"children":{"AgentResetIfDone":{"count":1834,"self":0.0294766,"total":0.0294766,"children":null},"AgentSendState":{"count":1834,"self":0.032579,"total":0.1769965,"children":{"CollectObservations":{"count":1834,"self":0.1444175,"total":0.1444175,"children":null}}},"DecideAction":{"count":1834,"self":0.062356699999999994,"total":0.062356699999999994,"children":null}}}